-- MySQL dump 10.13  Distrib 8.0.42, for Linux (x86_64)
--
-- Host: localhost    Database: MRNBankDB
-- ------------------------------------------------------
-- Server version	8.0.42-0ubuntu0.24.04.1

/*!40101 SET @OLD_CHARACTER_SET_CLIENT=@@CHARACTER_SET_CLIENT */;
/*!40101 SET @OLD_CHARACTER_SET_RESULTS=@@CHARACTER_SET_RESULTS */;
/*!40101 SET @OLD_COLLATION_CONNECTION=@@COLLATION_CONNECTION */;
/*!50503 SET NAMES utf8mb4 */;
/*!40103 SET @OLD_TIME_ZONE=@@TIME_ZONE */;
/*!40103 SET TIME_ZONE='+00:00' */;
/*!40014 SET @OLD_UNIQUE_CHECKS=@@UNIQUE_CHECKS, UNIQUE_CHECKS=0 */;
/*!40014 SET @OLD_FOREIGN_KEY_CHECKS=@@FOREIGN_KEY_CHECKS, FOREIGN_KEY_CHECKS=0 */;
/*!40101 SET @OLD_SQL_MODE=@@SQL_MODE, SQL_MODE='NO_AUTO_VALUE_ON_ZERO' */;
/*!40111 SET @OLD_SQL_NOTES=@@SQL_NOTES, SQL_NOTES=0 */;

--
-- Table structure for table `account_request`
--

DROP TABLE IF EXISTS `account_request`;
/*!40101 SET @saved_cs_client     = @@character_set_client */;
/*!50503 SET character_set_client = utf8mb4 */;
CREATE TABLE `account_request` (
  `request_id` bigint unsigned NOT NULL AUTO_INCREMENT,
  `branch_id` bigint unsigned NOT NULL,
  `client_id` bigint unsigned NOT NULL,
  `account_type` tinyint unsigned NOT NULL,
  `status` tinyint unsigned NOT NULL,
  `requested_time` bigint NOT NULL,
  `modified_time` bigint NOT NULL,
  `modified_by` bigint unsigned NOT NULL,
  PRIMARY KEY (`request_id`),
  KEY `account_request_branch_id_foreign` (`branch_id`),
  KEY `account_request_modified_by_foreign` (`modified_by`),
  KEY `account_request_client_id_foreign` (`client_id`),
  CONSTRAINT `account_request_branch_id_foreign` FOREIGN KEY (`branch_id`) REFERENCES `branch` (`branch_id`),
  CONSTRAINT `account_request_client_id_foreign` FOREIGN KEY (`client_id`) REFERENCES `client` (`client_id`),
  CONSTRAINT `account_request_modified_by_foreign` FOREIGN KEY (`modified_by`) REFERENCES `user` (`user_id`)
) ENGINE=InnoDB AUTO_INCREMENT=31 DEFAULT CHARSET=utf8mb4 COLLATE=utf8mb4_0900_ai_ci;
/*!40101 SET character_set_client = @saved_cs_client */;

--
-- Dumping data for table `account_request`
--

LOCK TABLES `account_request` WRITE;
/*!40000 ALTER TABLE `account_request` DISABLE KEYS */;
INSERT INTO `account_request` VALUES (1,1,6,1,2,1747218178,1747293384,1),(3,2,6,1,1,1747218228,1747293298,9),(4,3,18,1,1,1749406946,1749407213,19),(5,3,2,3,2,1750620769,1750727408,1),(6,2,69,3,1,1750726918,1750727414,1),(7,3,69,2,1,1750727595,1751163219,1),(8,1,69,3,1,1750727602,1751355488,1),(9,2,63,2,2,1750737144,1751355495,1),(10,1,29,1,2,1750738654,1751355501,1),(11,2,29,2,1,1750738661,1751355528,1),(12,3,29,3,0,1750738666,1750738666,29),(13,3,60,3,1,1750820513,1750820535,19),(14,3,60,1,1,1750820520,1750820542,19),(15,3,60,1,1,1750820525,1751355513,1),(16,3,18,1,1,1750828890,1751271612,1),(17,1,14,1,1,1751129118,1751131434,1),(18,2,14,2,1,1751129332,1751131842,1),(19,3,14,3,1,1751129767,1751131846,1),(21,3,17,3,0,1751282165,1751282165,17),(22,3,17,1,0,1751282171,1751282171,17),(24,3,92,3,0,1751316034,1751316034,92),(25,1,93,2,0,1751316340,1751316340,93),(26,2,107,2,0,1751441896,1751441896,107),(27,1,109,1,0,1751442285,1751442285,109),(28,2,112,1,0,1751442461,1751442461,112),(29,1,115,1,0,1751448003,1751448003,115),(30,2,2,1,0,1751454989,1751454989,2);
/*!40000 ALTER TABLE `account_request` ENABLE KEYS */;
UNLOCK TABLES;

--
-- Table structure for table `accounts`
--

DROP TABLE IF EXISTS `accounts`;
/*!40101 SET @saved_cs_client     = @@character_set_client */;
/*!50503 SET character_set_client = utf8mb4 */;
CREATE TABLE `accounts` (
  `account_no` bigint unsigned NOT NULL AUTO_INCREMENT,
  `branch_id` bigint unsigned NOT NULL,
  `client_id` bigint unsigned NOT NULL,
  `account_type` tinyint unsigned NOT NULL,
  `status` tinyint unsigned NOT NULL,
  `balance` decimal(15,2) DEFAULT NULL,
  `created_time` bigint NOT NULL,
  `modified_time` bigint NOT NULL,
  `modified_by` bigint unsigned NOT NULL,
  PRIMARY KEY (`account_no`),
  KEY `accounts_branch_id_foreign` (`branch_id`),
  KEY `accounts_client_id_foreign` (`client_id`),
  KEY `accounts_modified_by_foreign` (`modified_by`),
  CONSTRAINT `accounts_branch_id_foreign` FOREIGN KEY (`branch_id`) REFERENCES `branch` (`branch_id`),
  CONSTRAINT `accounts_client_id_foreign` FOREIGN KEY (`client_id`) REFERENCES `client` (`client_id`) ON DELETE CASCADE,
  CONSTRAINT `accounts_modified_by_foreign` FOREIGN KEY (`modified_by`) REFERENCES `user` (`user_id`)
) ENGINE=InnoDB AUTO_INCREMENT=30720000033 DEFAULT CHARSET=utf8mb4 COLLATE=utf8mb4_0900_ai_ci;
/*!40101 SET character_set_client = @saved_cs_client */;

--
-- Dumping data for table `accounts`
--

LOCK TABLES `accounts` WRITE;
/*!40000 ALTER TABLE `accounts` DISABLE KEYS */;
INSERT INTO `accounts` VALUES (30720000001,1,6,1,1,1588.00,1747203963,1750618200,2),(30720000002,1,6,1,1,3799.91,1747204204,1751223132,1),(30720000003,1,2,2,1,20899.50,1747204383,1750829677,2),(30720000005,1,2,1,1,59500.00,1747204492,1750829699,2),(30720000006,2,2,2,1,43511.85,1747206114,1750829699,2),(30720000007,2,6,1,1,3300.00,1747293298,1751223147,1),(30720000008,3,18,2,1,8096.50,1749407213,1751355709,1),(30720000009,2,12,3,1,3000.00,1750714159,1750714583,8),(30720000010,3,17,2,1,5000.00,1750714497,1750714497,1),(30720000011,2,17,1,1,10000.00,1750714530,1750714530,8),(30720000012,2,63,2,1,5000.00,1750714690,1750714690,8),(30720000014,2,63,3,1,3000.00,1750715099,1750715134,8),(30720000015,3,69,1,1,30000.00,1750715261,1750727560,69),(30720000016,3,63,2,1,30000.00,1750715282,1750715282,19),(30720000017,3,12,1,1,3333.00,1750719113,1750719113,19),(30720000018,2,69,3,1,10000.00,1750727414,1750727560,69),(30720000019,3,60,3,1,19000.00,1750820535,1750820682,60),(30720000020,3,60,1,1,50000.00,1750820542,1750820636,19),(30720000021,1,14,1,1,80000.00,1751131434,1751230306,14),(30720000022,2,14,2,2,0.00,1751131842,1751163519,1),(30720000023,3,14,3,1,25004.00,1751131846,1751355709,1),(30720000024,3,69,2,1,0.00,1751163219,1751163219,1),(30720000025,3,18,1,1,0.00,1751271612,1751271612,1),(30720000027,2,102,1,1,20000.00,1751335215,1751335215,1),(30720000028,1,103,3,1,10000.00,1751336310,1751336310,1),(30720000029,1,69,3,1,0.00,1751355488,1751355488,1),(30720000030,3,60,1,1,0.00,1751355513,1751355513,1),(30720000031,2,29,2,1,0.00,1751355528,1751355528,1),(30720000032,2,105,2,1,30000.00,1751428774,1751428774,1);
/*!40000 ALTER TABLE `accounts` ENABLE KEYS */;
UNLOCK TABLES;

--
-- Table structure for table `branch`
--

DROP TABLE IF EXISTS `branch`;
/*!40101 SET @saved_cs_client     = @@character_set_client */;
/*!50503 SET character_set_client = utf8mb4 */;
CREATE TABLE `branch` (
  `branch_id` bigint unsigned NOT NULL AUTO_INCREMENT,
  `branch_name` varchar(255) NOT NULL,
  `branch_location` varchar(255) NOT NULL,
  `contact_no` varchar(255) NOT NULL,
  `ifsc_code` varchar(255) NOT NULL,
  `created_time` bigint NOT NULL,
  `modified_time` bigint NOT NULL,
  `modified_by` bigint unsigned NOT NULL,
  PRIMARY KEY (`branch_id`),
  UNIQUE KEY `branch_branch_name_unique` (`branch_name`),
  UNIQUE KEY `branch_contact_no_unique` (`contact_no`),
  UNIQUE KEY `branch_ifsc_code_unique` (`ifsc_code`),
  KEY `branch_modified_by_foreign` (`modified_by`),
  CONSTRAINT `branch_modified_by_foreign` FOREIGN KEY (`modified_by`) REFERENCES `user` (`user_id`)
) ENGINE=InnoDB AUTO_INCREMENT=6 DEFAULT CHARSET=utf8mb4 COLLATE=utf8mb4_0900_ai_ci;
/*!40101 SET character_set_client = @saved_cs_client */;

--
-- Dumping data for table `branch`
--

LOCK TABLES `branch` WRITE;
/*!40000 ALTER TABLE `branch` DISABLE KEYS */;
INSERT INTO `branch` VALUES (1,'Mangulam Branch','Madurai','1231231765','MRNB0000001',1747200539,1750819915,1),(2,'K K Nagar Branch ','Madurai','9898989898','MRNB0000002',1747205860,1748499457,1),(3,'T Nagar Branch','Chennai','4564564561','MRNB0000003',1748499415,1751133827,1);
/*!40000 ALTER TABLE `branch` ENABLE KEYS */;
UNLOCK TABLES;

--
-- Table structure for table `client`
--

DROP TABLE IF EXISTS `client`;
/*!40101 SET @saved_cs_client     = @@character_set_client */;
/*!50503 SET character_set_client = utf8mb4 */;
CREATE TABLE `client` (
  `client_id` bigint unsigned NOT NULL,
  `date_of_birth` date NOT NULL,
  `aadhar` varchar(255) NOT NULL,
  `pan` varchar(255) NOT NULL,
  `address` text NOT NULL,
  PRIMARY KEY (`client_id`),
  UNIQUE KEY `client_aadhar_unique` (`aadhar`),
  UNIQUE KEY `client_pan_unique` (`pan`),
  CONSTRAINT `client_client_id_foreign` FOREIGN KEY (`client_id`) REFERENCES `user` (`user_id`) ON DELETE CASCADE
) ENGINE=InnoDB DEFAULT CHARSET=utf8mb4 COLLATE=utf8mb4_0900_ai_ci;
/*!40101 SET character_set_client = @saved_cs_client */;

--
-- Dumping data for table `client`
--

LOCK TABLES `client` WRITE;
/*!40000 ALTER TABLE `client` DISABLE KEYS */;
INSERT INTO `client` VALUES (2,'2004-01-01','999980000099','VVVVV0660V','Dindugul-09871'),(6,'1990-01-01','999999000000','GGGGG0000G','Tirunelveli-0987'),(12,'2005-08-14','123412341234','NNAAN1111N','Mangulam,TN'),(14,'1978-03-04','123451234512','MMMMM0000L','Thiruvadhoor'),(17,'2000-03-21','987654321000','DDDDD0000D','Mangulam'),(18,'2002-08-14','123412349999','MMMMM1111S','123, Example Street, City, State, 600001'),(29,'2003-02-21','444444444444','QQQQQ1111W','qwertyuio'),(60,'1978-03-01','222222222222','SSSSS1111S','Mangulam'),(63,'2004-02-21','888888888888','AAAAA8888A','Karaikudi-Karaikudi'),(69,'2003-11-11','444444444410','LLLLL1111L','Madurai'),(72,'2004-11-21','444666666666','IIIII4444I','Tirchy'),(92,'1980-08-14','133412349999','RRRRR1111S','India'),(93,'1985-02-24','876555555555','RRRTY5643R','mumbai'),(102,'1990-01-03','767666666666','SSSIO2311S','Mumbai'),(103,'1950-02-02','786555555555','TTTTT4513T','US'),(105,'2006-04-04','987777777777','DDDDD7777D','Cartoon'),(107,'0001-12-12','222222222221','QQQQQ1111S','as'),(109,'2007-07-01','444444444448','QQQQQ1111A','bb'),(112,'2007-06-30','999999000008','QQQQQ1111M','Mangula'),(115,'2007-07-01','111111111111','QQQQQ1111X','Dindugul');
/*!40000 ALTER TABLE `client` ENABLE KEYS */;
UNLOCK TABLES;

--
-- Table structure for table `employee`
--

DROP TABLE IF EXISTS `employee`;
/*!40101 SET @saved_cs_client     = @@character_set_client */;
/*!50503 SET character_set_client = utf8mb4 */;
CREATE TABLE `employee` (
  `employee_id` bigint unsigned NOT NULL,
  `branch_id` bigint unsigned NOT NULL,
  PRIMARY KEY (`employee_id`),
  KEY `employee_branch_id_foreign` (`branch_id`),
  CONSTRAINT `employee_branch_id_foreign` FOREIGN KEY (`branch_id`) REFERENCES `branch` (`branch_id`),
  CONSTRAINT `employee_employee_id_foreign` FOREIGN KEY (`employee_id`) REFERENCES `user` (`user_id`) ON DELETE CASCADE
) ENGINE=InnoDB DEFAULT CHARSET=utf8mb4 COLLATE=utf8mb4_0900_ai_ci;
/*!40101 SET character_set_client = @saved_cs_client */;

--
-- Dumping data for table `employee`
--

LOCK TABLES `employee` WRITE;
/*!40000 ALTER TABLE `employee` DISABLE KEYS */;
INSERT INTO `employee` VALUES (1,1),(4,1),(15,1),(16,1),(80,1),(8,2),(9,2),(104,2),(19,3),(73,3),(75,3),(76,3),(77,3),(86,3);
/*!40000 ALTER TABLE `employee` ENABLE KEYS */;
UNLOCK TABLES;

--
-- Table structure for table `transaction`
--

DROP TABLE IF EXISTS `transaction`;
/*!40101 SET @saved_cs_client     = @@character_set_client */;
/*!50503 SET character_set_client = utf8mb4 */;
CREATE TABLE `transaction` (
  `txn_id` bigint unsigned NOT NULL AUTO_INCREMENT,
  `client_id` bigint NOT NULL,
  `account_no` bigint unsigned NOT NULL,
  `peer_acc_no` bigint unsigned DEFAULT NULL,
  `amount` decimal(8,2) NOT NULL,
  `txn_type` tinyint unsigned NOT NULL,
  `txn_time` bigint NOT NULL,
  `txn_status` tinyint unsigned NOT NULL,
  `txn_ref_No` bigint NOT NULL,
  `closing_balance` decimal(15,2) NOT NULL,
  `description` text,
  `done_by` bigint NOT NULL,
  `extra_info` json DEFAULT NULL,
  PRIMARY KEY (`txn_id`)
) ENGINE=InnoDB AUTO_INCREMENT=110 DEFAULT CHARSET=utf8mb4 COLLATE=utf8mb4_0900_ai_ci;
/*!40101 SET character_set_client = @saved_cs_client */;

--
-- Dumping data for table `transaction`
--

LOCK TABLES `transaction` WRITE;
/*!40000 ALTER TABLE `transaction` DISABLE KEYS */;
INSERT INTO `transaction` VALUES (1,6,30720000007,0,2000.00,0,1747639512,1,777000111,3500.00,NULL,9,NULL),(2,6,30720000007,30720000001,2000.00,3,1747639627,1,777000112,1500.00,NULL,9,NULL),(3,6,30720000001,30720000007,2000.00,2,1747639627,1,777000112,3000.00,NULL,9,NULL),(4,6,30720000007,30720000006,500.00,3,1747639757,1,777000113,1000.00,NULL,9,NULL),(5,2,30720000006,30720000007,500.00,2,1747639757,1,777000113,2520.50,NULL,9,NULL),(8,6,30720000006,0,2000.00,0,1748848169,1,777000112,4520.50,NULL,8,NULL),(9,2,30720000006,0,2000.00,1,1748848488,1,777000115,2520.50,NULL,8,NULL),(10,2,30720000006,0,2000.00,3,1748848894,1,777000116,520.50,NULL,8,NULL),(11,2,30720000006,0,2000.00,2,1748848927,1,777000117,2520.50,NULL,8,NULL),(12,2,30720000006,0,10000.00,0,1748849082,1,777000118,12520.50,NULL,8,NULL),(13,2,30720000006,0,1000.00,3,1748849099,1,777000118,11520.50,NULL,8,NULL),(14,2,30720000006,98786543465,1000.00,3,1748849132,1,777000118,10520.50,NULL,8,NULL),(15,18,30720000008,NULL,10000.00,0,1749458571,1,1749458571738479,10000.00,NULL,19,NULL),(16,18,30720000008,98786543465,1000.00,3,1749461445,1,1749461445870493,9000.00,NULL,19,NULL),(17,18,30720000008,30720000007,1000.00,3,1749461522,1,1749461522510528,8000.00,NULL,19,NULL),(18,6,30720000007,30720000008,1000.00,2,1749461522,1,1749461522510528,7000.00,NULL,19,NULL),(19,18,30720000008,NULL,1000.00,1,1749463321,1,1749463321833373,7000.00,NULL,19,NULL),(20,18,30720000008,30720000007,1000.00,1,1749463331,1,1749463331591372,6000.00,NULL,19,NULL),(21,18,30720000008,NULL,1000.00,1,1749463494,1,1749463494828603,5000.00,NULL,19,NULL),(22,6,30720000007,NULL,1000.00,0,1750312661,1,1750312661792849,8000.00,NULL,1,NULL),(23,6,30720000007,30720000002,1000.00,3,1750313527,1,1750313527815209,7000.00,NULL,6,NULL),(24,6,30720000002,NULL,1000.00,2,1750313527,1,1750313527815209,2000.00,NULL,6,NULL),(25,6,30720000007,30720000001,500.00,3,1750314302,1,1750314302984705,6500.00,NULL,6,NULL),(26,6,30720000001,NULL,500.00,2,1750314302,1,1750314302984705,3500.00,NULL,6,NULL),(27,6,30720000001,242333,1000.00,3,1750315535,1,1750315535944383,2500.00,NULL,6,NULL),(28,6,30720000001,7678686,2000.00,3,1750315610,1,1750315610541294,500.00,NULL,6,NULL),(29,6,30720000007,456346,1000.00,3,1750315679,1,1750315679686156,5500.00,NULL,6,NULL),(30,6,30720000007,30720000002,500.00,3,1750357275,1,1750357275231156,5000.00,NULL,6,NULL),(31,6,30720000002,NULL,500.00,2,1750357275,1,1750357275231156,2500.00,NULL,6,NULL),(32,6,30720000007,30720000002,500.00,3,1750357407,1,1750357407587474,4500.00,NULL,6,NULL),(33,6,30720000002,NULL,500.00,2,1750357407,1,1750357407587474,3000.00,NULL,6,NULL),(34,6,30720000007,30720000001,500.00,3,1750357523,1,1750357523943559,4000.00,NULL,6,NULL),(35,6,30720000001,NULL,500.00,2,1750357523,1,1750357523943559,1000.00,NULL,6,NULL),(36,6,30720000002,30720000001,500.00,3,1750357538,1,1750357538120319,2500.00,NULL,6,NULL),(37,6,30720000001,NULL,500.00,2,1750357538,1,1750357538120319,1500.00,NULL,6,NULL),(38,6,30720000007,30720000002,500.00,3,1750358221,1,1750358221367145,3500.00,NULL,6,NULL),(39,6,30720000002,30720000007,500.00,2,1750358221,1,1750358221367145,3000.00,NULL,6,NULL),(40,6,30720000007,30720000002,500.00,3,1750358224,1,1750358224558758,3000.00,NULL,6,NULL),(41,6,30720000002,30720000007,500.00,2,1750358224,1,1750358224558758,3500.00,NULL,6,NULL),(42,6,30720000007,30720000002,1000.00,0,1750358367,1,1750358367955968,4000.00,NULL,1,NULL),(43,6,30720000007,NULL,1000.00,0,1750359786,1,1750359786969715,5000.00,NULL,1,NULL),(44,6,30720000007,30720000002,1000.00,3,1750359809,1,1750359809971437,4000.00,NULL,1,NULL),(45,6,30720000002,30720000007,1000.00,2,1750359809,1,1750359809971437,4500.00,NULL,1,NULL),(46,6,30720000001,987654321234567,200.00,3,1750369628,1,1750369628962928,1300.00,NULL,6,NULL),(47,6,30720000002,30720000007,500.00,3,1750370320,1,1750370320526493,4000.00,NULL,6,NULL),(48,6,30720000007,30720000002,500.00,2,1750370320,1,1750370320526493,4500.00,NULL,6,NULL),(49,6,30720000001,30720000002,200.00,3,1750370520,1,1750370520816777,1100.00,NULL,6,NULL),(50,6,30720000002,30720000001,200.00,2,1750370520,1,1750370520816777,4200.00,NULL,6,NULL),(51,6,30720000001,987654321234567,12.00,3,1750374246,1,1750374246486723,1088.00,NULL,6,NULL),(52,2,30720000003,30720000008,100.00,3,1750503274,1,1750503274929626,4900.00,NULL,2,NULL),(53,18,30720000008,30720000003,100.00,2,1750503274,1,1750503274929626,5100.00,NULL,2,NULL),(54,2,30720000006,30720000003,500.00,3,1750578442,1,1750578442106282,10020.50,NULL,2,NULL),(55,2,30720000003,30720000006,500.00,2,1750578442,1,1750578442106282,5400.00,NULL,2,NULL),(56,2,30720000005,30720000003,500.00,3,1750578493,1,1750578493813110,109500.00,NULL,2,NULL),(57,2,30720000003,30720000005,500.00,2,1750578493,1,1750578493813110,5900.00,NULL,2,NULL),(58,2,30720000003,30720000006,500.00,3,1750579040,1,1750579040035909,5400.00,'Self Transfer',2,NULL),(59,2,30720000006,30720000003,500.00,2,1750579040,1,1750579040035909,10520.50,NULL,2,NULL),(60,2,30720000003,30720000003,500.00,3,1750579087,1,1750579087770545,4900.00,'Self Transfer',2,NULL),(61,2,30720000003,30720000003,500.00,2,1750579087,1,1750579087770545,5900.00,NULL,2,NULL),(62,2,30720000005,30720000003,500.00,3,1750579807,1,1750579807191225,109000.00,'Self Transfer',2,NULL),(63,2,30720000003,30720000005,500.00,2,1750579807,1,1750579807191225,6400.00,'Self Transfer',2,NULL),(64,2,30720000003,987654321234567,500.00,3,1750579947,1,1750579947367146,5900.00,'ERTYUKLKYTREWSDFJKILUYTREWASDZXCV,KJHYASDZXCVBNMJH',2,NULL),(65,6,30720000007,NULL,1000.00,0,1750616430,1,1750616430030411,5500.00,'Deposited',1,NULL),(66,2,30720000003,30720000005,500.00,3,1750616986,1,1750616986318580,5400.00,'Self Transfer',2,NULL),(67,2,30720000005,30720000003,500.00,2,1750616986,1,1750616986318580,109500.00,'Self Transfer',2,NULL),(68,2,30720000003,30720000001,500.00,3,1750618200,1,1750618200649176,4900.00,'RENT',2,NULL),(69,6,30720000001,30720000003,500.00,2,1750618200,1,1750618200649176,1588.00,'RENT',2,NULL),(70,2,30720000003,NULL,1000.00,1,1750618324,1,1750618324411730,3900.00,'Customer Withdrawl',1,NULL),(71,2,30720000005,30720000003,10000.00,3,1750628880,1,1750628880528586,99500.00,'Self Transfering',2,NULL),(72,2,30720000003,30720000005,10000.00,2,1750628880,1,1750628880528586,13900.00,'Self Transfering',2,NULL),(73,2,30720000005,30720000006,50000.00,3,1750628925,1,1750628925682270,49500.00,'Self Transfer',2,NULL),(74,2,30720000006,30720000005,50000.00,2,1750628925,1,1750628925682270,60520.50,'Self Transfer',2,NULL),(75,69,30720000015,307200000018,20000.00,3,1750727468,1,1750727468738372,40000.00,'Self Transfer',69,NULL),(76,69,30720000015,30720000018,10000.00,3,1750727560,1,1750727560241475,30000.00,'Self Transfer',69,NULL),(77,69,30720000018,30720000015,10000.00,2,1750727560,1,1750727560241475,10000.00,'Self Transfer',69,NULL),(78,18,30720000008,336452352187725,500.00,3,1750782244,1,1750782244714894,4600.00,'Self Transfer',1,NULL),(79,2,30720000006,987654321234567,2008.65,3,1750791026,1,1750791026632394,58511.85,'Party',2,NULL),(80,2,30720000003,30720000008,0.50,3,1750797914,1,1750797914725314,13899.50,'Paisa Transfer',2,NULL),(81,18,30720000008,30720000003,0.50,2,1750797914,1,1750797914725314,4600.50,'Paisa Transfer',2,NULL),(82,2,30720000003,987654321234567,0.00,3,1750797947,1,1750797947383486,13899.50,'Transferring',2,NULL),(83,18,30720000008,NULL,5000.00,0,1750809909,1,1750809909271265,9600.50,'Deposited',1,NULL),(84,6,30720000002,NULL,500.00,1,1750820218,1,1750820218712705,3700.00,'Withdrawl',1,NULL),(85,18,30720000008,30720000003,2000.00,3,1750820247,1,1750820247108122,7600.50,'Transfering',1,NULL),(86,2,30720000003,30720000008,2000.00,2,1750820247,1,1750820247108122,15899.50,'Transfering',1,NULL),(87,6,30720000002,987654321234567,1000.09,3,1750820293,1,1750820293677675,2699.91,'Urgent',1,NULL),(88,60,30720000019,NULL,20000.00,0,1750820611,1,1750820611322149,20000.00,'Deposited',19,NULL),(89,60,30720000020,NULL,50000.00,0,1750820636,1,1750820636708848,50000.00,'Bulk Deposit',19,NULL),(90,60,30720000019,30720000008,1000.00,3,1750820682,1,1750820682166957,19000.00,'Transferring',60,NULL),(91,18,30720000008,30720000019,1000.00,2,1750820682,1,1750820682166957,8600.50,'Transferring',60,NULL),(92,2,30720000006,30720000003,5000.00,3,1750829677,1,1750829677617336,53511.85,'Self Transfer',2,NULL),(93,2,30720000003,30720000006,5000.00,2,1750829677,1,1750829677617336,20899.50,'Self Transfer',2,NULL),(94,2,30720000006,30720000005,10000.00,3,1750829699,1,1750829699052511,43511.85,'Self Transfer',2,NULL),(95,2,30720000005,30720000006,10000.00,2,1750829699,1,1750829699052511,59500.00,'Self Transfer',2,NULL),(96,6,30720000007,98765432123,1000.00,3,1751222207,1,1751222207267587,4500.00,'Deposited',1,NULL),(97,6,30720000007,30720000002,1000.00,3,1751222233,1,1751222233828819,3500.00,'Deposited',1,NULL),(98,6,30720000002,30720000007,1000.00,2,1751222233,1,1751222233828819,3699.91,'Deposited',1,NULL),(99,6,30720000007,30720000002,100.00,3,1751223132,1,1751223132607928,3400.00,'Deposited',1,NULL),(100,6,30720000002,30720000007,100.00,2,1751223132,1,1751223132607928,3799.91,'Deposited',1,NULL),(101,6,30720000007,98765432123,100.00,3,1751223147,1,1751223147382202,3300.00,'Deposited',1,'{\"peerName\": \"Rahul Sharma\", \"peerBankName\": \"HDFC Bank\", \"peerIFSCCode\": \"HDFC0001234\"}'),(102,18,30720000008,987654321234567,500.00,3,1751226260,1,1751226260708423,8100.50,'External Transfer',1,'{\"peerName\": \"Narthamil\", \"peerBankName\": \"SBI\", \"peerIFSCCode\": \"SBI0006545\"}'),(103,14,30720000021,NULL,100000.00,0,1751230160,1,1751230160977303,100000.00,'Deposited',1,NULL),(104,14,30720000023,NULL,10000.00,0,1751230192,1,1751230192306680,10000.00,'Deposited',1,NULL),(105,14,30720000021,30720000023,20000.00,3,1751230306,1,1751230306458663,80000.00,'Self Transfer',14,NULL),(106,14,30720000023,30720000021,20000.00,2,1751230306,1,1751230306458663,30000.00,'Self Transfer',14,NULL),(107,14,30720000023,123456789012345,5000.00,3,1751230346,1,1751230346785676,25000.00,'External Transfer',14,'{\"peerName\": \"Narthamil\", \"peerBankName\": \"SBI\", \"peerIFSCCode\": \"SBI0006545\"}'),(108,18,30720000008,30720000023,4.00,3,1751355709,1,1751355709503313,8096.50,'cxvc',1,NULL),(109,14,30720000023,30720000008,4.00,2,1751355709,1,1751355709503313,25004.00,'cxvc',1,NULL);
/*!40000 ALTER TABLE `transaction` ENABLE KEYS */;
UNLOCK TABLES;

--
-- Table structure for table `user`
--

DROP TABLE IF EXISTS `user`;
/*!40101 SET @saved_cs_client     = @@character_set_client */;
/*!50503 SET character_set_client = utf8mb4 */;
CREATE TABLE `user` (
  `user_id` bigint unsigned NOT NULL AUTO_INCREMENT,
  `user_category` tinyint unsigned NOT NULL,
  `name` varchar(255) NOT NULL,
  `gender` enum('Male','Female','Other') NOT NULL,
  `email` varchar(255) NOT NULL,
  `phone_no` varchar(255) NOT NULL,
  `password` varchar(255) NOT NULL,
  `status` tinyint unsigned NOT NULL,
  `created_time` bigint NOT NULL,
  `modified_time` bigint NOT NULL,
  `modified_by` bigint unsigned DEFAULT NULL,
  PRIMARY KEY (`user_id`),
  UNIQUE KEY `user_email_unique` (`email`),
  UNIQUE KEY `user_phone_no_unique` (`phone_no`),
  KEY `user_modified_by_foreign` (`modified_by`),
  CONSTRAINT `user_modified_by_foreign` FOREIGN KEY (`modified_by`) REFERENCES `user` (`user_id`)
) ENGINE=InnoDB AUTO_INCREMENT=116 DEFAULT CHARSET=utf8mb4 COLLATE=utf8mb4_0900_ai_ci;
/*!40101 SET character_set_client = @saved_cs_client */;

--
-- Dumping data for table `user`
--

LOCK TABLES `user` WRITE;
/*!40000 ALTER TABLE `user` DISABLE KEYS */;
INSERT INTO `user` VALUES (1,3,'Prabhakaran R','Male','prabhanarthamil@gmail.com','9514232954','$2a$12$WXvc1OyQT0cQZcL/i5YegOlSnwGtRD20DgS0A6NAXiffZ.F.bHhDG',1,1747198684,1750671847,1),(2,0,'Vivian Rohith Suryaa','Male','vivian@gmail.com','8787879761','$2a$12$2QoONmO/RZHzB/jJ6OFDPO/TG6OSKvtwBtwGzf9Sn2zbMROHa3Q5S',1,1747200528,1751454306,2),(4,1,'Healthy Belcy','Female','belcy@gmail.com','8877602001','$2a$12$BQg.YEcrGXGS6fnFtruUf.6YW4812FvL/cHhundGUxj3IpynNBI/C',1,1747200583,1750675432,15),(6,0,'Sakthi Ganesh A','Male','Sakthi@gmail.com','9876543212','$2a$12$F/I7r/FUxqmj68N5x5gXpuOBKliaczAlDDxvgAnzaWPS9QVDt7mxy',1,1747203389,1751280265,1),(8,1,'Swaminatha Prabhu','Male','swami@gmail.com','9876500099','$2a$12$SE3HGRKedWLUyB5n8dlCVezF0qkxpk4rGIviWMK37XKtIcj0Jed7O',1,1747206105,1750673377,1),(9,2,'Sugan','Male','sugan@gmail.com','9876543200','$2a$12$GxoNnk9VMdxsbxn.vbOXI.3Fu8bc/KbmjUSeSO1iyoBNRmlU1qXUK',1,1747292894,1747292894,1),(12,0,'Narthamil Selvan','Male','narthamil@gmail.com','9787043544','$2a$12$74NnRrmKd0pRqV3qpausqu2ZFMTLp65NeYYvMBjJc2Ppw7Ntov21e',1,1748240035,1751336172,1),(14,0,'Maha Lakshmi','Female','Maha@gmail.com','7598566000','$2a$12$AH.U13oDsGJ0pe4OSqHKj.osoyKARmy4xULxP5gh0.ocS8oJ62Z12',1,1748240273,1750401521,19),(15,2,'Rajesh','Male','Rajesh@gmail.com','9843052953','$2a$12$i5zfum4b.gJNamudYSZktOyv8f1LBRopPCPOY1p9GDngshnW4ekI2',1,1748325488,1748325488,1),(16,1,'Jayasri Rebecca Varghese','Female','jayasri@gmail.com','9876511110','$2a$12$OCU86q0GYSRGm.eGfabKDu48UwcQ2dTf8lLW9bEpNoSM02ZpUFCIi',1,1748325616,1751281340,1),(17,0,'Divya','Female','divya@gmail.com','6546540000','$2a$12$RcIPw.nd3kSGNDbPmiirdenhjs1z05jiiGXg2dvmB1TxoTPkI6d2K',1,1749366454,1749366685,17),(18,0,'Murugan','Male','murugan@gmail.com','9712345678','$2a$12$/JEAeW1jb5Rp7J4ttQBireG5FPh6o8FjAJr0i0qekDbCakoCAdZwC',1,1749406828,1749406828,NULL),(19,2,'Ponraj','Male','ponraj@gmail.com','9876522222','$2a$12$X/wR3wEd9krTzSd9/qOF9e1yhfBFp4x5s8umkBY/6QVpWdpZUiMnO',1,1749407168,1750401472,19),(29,0,'Prabhakaran','Male','karan@gmail.com','5555555555','$2a$12$3BYRqTbR3ktvUgQu109XQuu2oeqYmBZqBsWmhXJ2KsFwI5DXUvgJ.',2,1749795823,1751233514,1),(60,0,'SivaKumar','Male','siva@gmail.com','2222222222','$2a$12$FEsiCMtZbQ4sVVzDxcf6Z.Fp7kMMN3eNoMD0TCPYPhU6fo807Wg5W',1,1750146518,1750146518,1),(63,0,'Azmi Ramalan','Female','azmi@gmail.com','8888888888','$2a$12$eTtaSTLuC/RVXf2YD2hZzu7K1BcoHw1vuov.H238dIJw5Pekpuaiu',1,1750246545,1750500930,1),(69,0,'Lalith Kishoore','Male','lalith@gmail.com','5555555501','$2a$12$VehgFa5J/Q9.kaSpbzBqgOxVZV6ld/GHjZkfOjXi5zBuhFplL8H22',1,1750284916,1750658045,1),(72,0,'Mohammed Ishaq','Male','ishaq@gmail.com','4444666898','$2a$12$i6Ufw6072LwlzumrR4p1Te8IUFHlBPSmZl8/ExR4j6AWZX8WxvANu',1,1750386459,1750831564,1),(73,1,'Kamal Hassan','Male','Kamal@gmail.com','6757656453','$2a$12$YqvB.Eb./XltGnVhKZQhVOx/6KaRio0fGRQ/phjGCrqmOTz6ruAgC',1,1750681228,1750718684,19),(75,1,'Sobiya','Female','Sobiya@gmail.com','7854456789','$2a$12$cmzhr8HrBR2q3vIa5kTEPO7KF3Ka8tkjmHX49WUygYvPyfxQ2w/4i',1,1750715239,1750715239,19),(76,1,'Ramesh','Male','Ramesh@gmail.com','9867555555','$2a$12$n1/iieVfWCq7aMH32s0UM.YUvss7GyM5hiPxe4qJlxr3qQghDyn5S',1,1750716590,1750716590,1),(77,1,'Raghul','Male','Raghul@gmail.com','5444444444','$2a$12$mImgj038SSOJkd3ePCIlUeZZyaQv56SArGtV.DHI/w/5yfjOjgmUy',1,1750719631,1750719631,19),(80,1,'Saran','Male','saran@gmail.com','5574342287','$2a$12$DWaKtXsRscayL56uIZdh2O9NNzsNkJ0rdl173q2Z38Hlc0wK9RpxO',1,1750807929,1750807929,1),(86,1,'Beautiln Jerrita','Female','jerry@gmail.com','8793427483','$2a$12$Cikgg0ofokxb7gVU02YtaeVXJsSjUkosAzFb6QbwKy25oGr6kHHAy',1,1751286901,1751286955,1),(92,0,'Raina','Male','raina@gmail.com','3312345678','$2a$12$NjTSzwTwDk74Wum3LX6QHeV8veNUPlkdpFYKMvaQRpvNOOZigt5ka',1,1751316034,1751316034,NULL),(93,0,'Rohit','Male','rohit@gmail.com','8765555555','$2a$12$Jkkt7zMZDVQD.4S8C59Z9.MLC6vu8LJq5nDpbo1iH/SJ41fTRKeKO',1,1751316340,1751316340,NULL),(102,0,'Sky','Male','sky@gmail.com','7666666666','$2a$12$odBa2znM7RppDHceVBe7N.56e8lUjlbfdWJjSRRjv/HIXovIol6la',1,1751335215,1751335215,1),(103,0,'Tom','Male','tom@gmail.com','5678345555','$2a$12$vVbpMi/MBuISC8a3cCkrGOQFP/GyENdbCAD69sLZ8ZlO5Ajb6BTvS',1,1751336310,1751336310,1),(104,1,'Chotta Bheem','Male','bheem@gmail.com','8787654454','$2a$12$py3qqt3nzSv7/r.KjweVBua3ZlDPTS2zW3nZ9N1hzFgGA42Uq.L5e',1,1751426649,1751426649,1),(105,0,'Dora','Female','dora@gmail.com','9988888888','$2a$12$kyS/Zz7qt4rB8NL4ihE/xebqQsIyZCdXKTHZiRk/pHJLIP4JgB5lq',1,1751428774,1751428774,1),(107,0,'a s','Other','asas@asas.cp','1212121212','$2a$12$JaXkj73kISYpk6xgzpn0feJKXDhjq.3s9RhAKE505w64iL0G5of.G',1,1751441896,1751441896,NULL),(109,0,'asdfg','Female','Vivin@gmail.com','2222222229','$2a$12$1TG.slEGS1z0dCTMGDrxRe10elrynHltYMXC1IHzngJF17U84kvZK',1,1751442285,1751442285,NULL),(112,0,'asdfgh','Female','Vivian@gmail.co','2222222220','$2a$12$02jgmU5Vf75RheIDzIa/Q.veJP28CGqGwhElGtqbdbNlQg6mE8VlC',1,1751442461,1751442461,NULL),(115,0,'ABCD','Male','abcd@1234.com','1234123412','$2a$12$/ZwkFISyYyywVnQiPKkIq.2.rHA.ddo.MzXDHghmRDPoQXG3cWx4K',1,1751448003,1751448003,NULL);
/*!40000 ALTER TABLE `user` ENABLE KEYS */;
UNLOCK TABLES;
/*!40103 SET TIME_ZONE=@OLD_TIME_ZONE */;

/*!40101 SET SQL_MODE=@OLD_SQL_MODE */;
/*!40014 SET FOREIGN_KEY_CHECKS=@OLD_FOREIGN_KEY_CHECKS */;
/*!40014 SET UNIQUE_CHECKS=@OLD_UNIQUE_CHECKS */;
/*!40101 SET CHARACTER_SET_CLIENT=@OLD_CHARACTER_SET_CLIENT */;
/*!40101 SET CHARACTER_SET_RESULTS=@OLD_CHARACTER_SET_RESULTS */;
/*!40101 SET COLLATION_CONNECTION=@OLD_COLLATION_CONNECTION */;
/*!40111 SET SQL_NOTES=@OLD_SQL_NOTES */;

-- Dump completed on 2025-07-08 11:28:25
